Victim Race,Count,FPR_Felony
ASIAN / PACIFIC ISLANDER,8824,0.4148653773227152
WHITE,15429,0.410674944922892
BLACK HISPANIC,5378,0.33458646616541354
UNKNOWN,51997,0.3291260131123845
WHITE HISPANIC,19864,0.28056735436893204
AMERICAN INDIAN/ALASKAN NATIVE,547,0.24293785310734464
BLACK,29235,0.21202377472473935
