Model,Class,precision,recall,f1-score,support
Decision Tree,0,0.9983443708609272,0.9909613804437141,0.9946391752577319,1217.0
Decision Tree,1,0.9910204081632653,0.9983552631578947,0.9946743138058173,1216.0
Decision Tree,accuracy,0.9946568023016852,0.9946568023016852,0.9946568023016852,0.9946568023016852
Decision Tree,macro avg,0.9946823895120962,0.9946583218008044,0.9946567445317747,2433.0
Decision Tree,weighted avg,0.9946838946421203,0.9946568023016852,0.9946567373105357,2433.0
