Model,Class,precision,recall,f1-score,support
Logistic Regression,0,0.9967239967239967,1.0,0.9983593109105825,1217.0
Logistic Regression,1,1.0,0.9967105263157895,0.9983525535420099,1216.0
Logistic Regression,accuracy,0.9983559391697493,0.9983559391697493,0.9983559391697493,0.9983559391697493
Logistic Regression,macro avg,0.9983619983619983,0.9983552631578947,0.9983559322262963,2433.0
Logistic Regression,weighted avg,0.998361325118415,0.9983559391697493,0.9983559336149869,2433.0
