Model,Class,precision,recall,f1-score,support
KNN,0,0.8636741479634248,0.8537387017255547,0.8586776859504133,1217.0
KNN,1,0.8552845528455284,0.8651315789473685,0.8601798855273917,1216.0
KNN,accuracy,0.8594327990135635,0.8594327990135635,0.8594327990135635,0.8594327990135635
KNN,macro avg,0.8594793504044766,0.8594351403364615,0.8594287857389025,2433.0
KNN,weighted avg,0.8594810745300661,0.8594327990135635,0.859428477025467,2433.0
