Model,Class,precision,recall,f1-score,support
Random Forest,0,0.9975409836065574,1.0,0.9987689782519491,1217.0
Random Forest,1,1.0,0.9975328947368421,0.9987649238369699,1216.0
Random Forest,accuracy,0.998766954377312,0.998766954377312,0.998766954377312,0.998766954377312
Random Forest,macro avg,0.9987704918032787,0.998766447368421,0.9987669510444595,2433.0
Random Forest,weighted avg,0.998769986456712,0.998766954377312,0.9987669518776725,2433.0
