Model,Class,precision,recall,f1-score,support
Decision Tree,FELONY,0.45579567779960706,0.4566929133858268,0.45624385447394294,508.0
Decision Tree,MISDEMEANOR,0.49909584086799275,0.4808362369337979,0.4897959183673469,574.0
Decision Tree,VIOLATION,0.2,0.22962962962962963,0.21379310344827587,135.0
Decision Tree,accuracy,0.4428923582580115,0.4428923582580115,0.4428923582580115,0.4428923582580115
Decision Tree,macro avg,0.3849638395558666,0.3890529266497514,0.3866109587631886,1217.0
Decision Tree,weighted avg,0.4478432349880265,0.4428923582580115,0.4451740379467028,1217.0
